ID,is_self_employed,org_size,is_tech_company,is_tech_role,employee_health_importance,willingness_to_share,reaction_to_health_disorder,gender
025886b34871d920d01aef9a2a753379,0,6-25,1,1,8,10,9,male
029f481e477ca03c3098fe555c578077,1,,NA,NA,NA,10,0,male
0b728de357aab12718020c7c4c106fce,0,6-25,1,1,10,10,10,male
0d7c53690f8885e03f315fd3f5226f35,0,26-100,1,1,8,10,8,male
100f9f33e52361e509f224ef13f83d8d,0,1-5,1,1,3,10,4,female
116a56c63e903b1bb0281dde86ddd169,0,500-1000,1,1,4,10,6,male
13c09fb6e6b078eb38f6b7daeeeef05c,0,More than 1000,0,1,0,10,4,female
14c2993d756908cbe5ec61ee539aee75,0,26-100,1,1,10,10,10,male
15818443d33cb432ab4b7897489fa273,0,More than 1000,1,1,5,10,5,female
19459b1052433276ac43762ac3f490b4,0,100-500,1,1,10,10,5,female
1a4eea3ffa6dc7a4936ad8690c42d6df,0,More than 1000,0,1,5,10,5,male
1ab85984f8ce55be93a3726a9e864752,0,100-500,1,1,6,10,6,NA
1bbefb67027bf2e5d0a3a2c0591c3b4c,0,26-100,1,1,5,10,9,female
1d02a75455b6779e89a5ab620e47e539,1,,NA,NA,NA,10,7,male
1ec718c192b9af05b7460a3248a36a1b,0,26-100,1,1,5,10,7,female
249f40dcfc8483d581e23b164ed5df64,0,500-1000,1,1,5,10,8,male
255c9eacb91ca3cd6085198f54cb99ab,1,,NA,NA,NA,10,4,female
25d86818bf0ebf69e29dd0170b6fbf81,0,100-500,1,1,5,10,5,male
25db0b28f059d4b101ba32b57a2997f8,0,6-25,1,1,5,10,10,male
26244ef1966babc139819cedd3c3027c,1,,NA,NA,NA,10,5,male
2eac4a74c676cec85f928a9ee87f32d6,0,26-100,0,1,3,10,5,male
2f601b517e25f2623c6c1e415ea079c8,0,More than 1000,0,1,10,10,5,male
30c04244af515ddd7bd3d9e81482af04,0,More than 1000,0,1,5,10,5,female
30e0a0a1aa03dbb11cfdafeadb6b0a45,0,100-500,1,1,5,10,5,male
396ef3ad5c82a5646e7cdb11dcb2a00a,0,More than 1000,1,1,8,10,5,female
3ecd0df19625113040841b4c5a9f2b7b,0,26-100,1,1,8,10,5,female
5af32fe4d93d7f3f29b15dea8fe233d0,1,,NA,NA,NA,10,10,male
5d9d8cb4d31a1658cb606aacd56cdff1,1,,NA,NA,NA,10,7,male
5da3fa05e5ad217441f35937f6a26b6f,1,,NA,NA,NA,10,10,male
5e48b2c6e404271f564742e8d20b5811,0,500-1000,0,0,5,10,3,female
621e93101bfabd3402c54432b9c52180,0,100-500,1,1,8,10,6,male
69180abd006dbe6ee0c2b2085f401134,0,26-100,1,1,10,10,10,female
6a96af5496b5bcac044db5a60c09f68a,0,26-100,1,1,7,10,5,male
6ca240bc00063876cf6001bbb2d72921,0,More than 1000,1,1,7,10,4,female
747c1b0797f308bbb9421e7f1a26ff6b,0,More than 1000,0,1,2,10,5,female
77a7ba01a34efd697c06dcc7058b5478,0,26-100,1,1,8,10,7,NA
8336cfc6fec532d3e6100959e1a2f3c4,0,More than 1000,1,1,6,10,3,male
91b9e3099e8b4c31c25458dcbc85896a,1,,NA,NA,NA,10,10,male
9388c6e06792138cf475413d6ffe3b98,0,26-100,1,1,7,10,7,male
946b8e0ecc7dc044dc43228930a62069,0,6-25,1,1,10,10,5,male
9e6cd681ba26a25454b2ba54ecaec01a,0,100-500,1,0,8,10,4,female
9e8e1884fbea3629e79365a5085bd795,0,More than 1000,1,1,10,10,5,female
a286e17eda1653bc8a0b09cc306244ef,0,More than 1000,1,1,6,10,7,female
a2945bd35663fe7a0cfc9e24afd8d7a6,0,26-100,1,1,7,10,5,male
a38b9fc22514534a4cbc536f20f9a2d5,0,500-1000,0,1,8,10,5,NA
a4f282fd2fde999881346c1f483c6ff9,0,100-500,1,1,5,10,8,male
a95208bdf5b6ed309d5a4218828fc6e2,0,100-500,1,1,5,10,10,male
aa591d3deb131a5dbf09e080663cd09d,0,More than 1000,1,1,5,10,8,male
acb302182ad9e5458a2d2237aa2ccfeb,0,26-100,1,1,8,10,6,male
b3132cdcad65d7f43ace0d1d814b05f0,0,6-25,1,1,6,10,10,male
b3c59384684c28a250894cc4f1bb1e62,0,6-25,1,1,10,10,10,male
b52a801bfc3200ba18930c451f33b351,0,More than 1000,1,1,7,10,7,female
b56a9964ab7d6a4dea282fbed59ec0a8,0,More than 1000,0,1,7,10,8,female
b63d26b836218638b543fb52787e3d28,0,100-500,1,1,7,10,7,male
b692021a89ea5fb7901bf70aca6829aa,0,100-500,1,1,0,10,5,male
b76806b7f99d9f389e296e848a3bf51b,0,100-500,0,1,5,10,5,male
bcea7ceece5c4b8f15bd4c8f22f00e42,0,100-500,1,1,8,10,6,female
bdbb6cdd368f7bdff2391a903f312f5e,0,100-500,1,1,7,10,0,female
c0c3aa4819ee599db70c9a54ea22b48e,0,100-500,1,0,3,10,3,male
c390fde74f257e9e1d67f1eeac34bbc0,0,More than 1000,0,1,10,10,10,male
c84682edd200d3593a8300910ff2b77a,0,100-500,0,1,9,10,5,female
c929d0a1151eb8a63aa0b9eaab9fab80,0,26-100,1,1,8,10,9,male
d0c73db0c117f55abac3e9cd95602709,0,More than 1000,1,1,6,10,4,female
d2a36007729cac30a77d2a6278a2cac7,0,More than 1000,1,1,7,10,10,male
dc634965b9f90dd3b1c90d70eb1c4ade,0,100-500,1,1,6,10,9,male
dff48ff7e522f7c08a661ced57124ca0,0,26-100,1,1,7,10,7,male
e2b9915d22e66da14bfaeb577eda6d67,0,More than 1000,1,1,8,10,8,male
e350a0fbed2d9ead9e44b1be80514a34,0,26-100,1,0,3,10,7,female
e68faf07a26fe05d2c9b0c07e01dff09,0,26-100,0,1,6,10,3,female
ec44f562f28590e53cd0cf1bbf636b0b,0,6-25,1,1,5,10,2,male
f0752c010e8cee313f1707c4501d50e7,0,6-25,1,1,0,10,10,male
f0ac737c042c8d385f92d2ea0f663e9b,0,More than 1000,1,1,4,10,8,male
f40835979eca961b8747205079f4280e,0,More than 1000,0,1,7,10,7,female
f8186818c32648cea88571bacf68594a,0,6-25,1,1,5,10,3,male
fc6b3964bb163111d8e3e139e41826c1,0,100-500,0,1,5,10,4,female
fd1103e4d9070fbad8a865fbcf48450f,0,100-500,1,1,6,10,4,female
ffc3078eaf88ec3d289c1ef2c02d5d01,0,More than 1000,0,1,9,10,10,male
039fe75c24d26a2a1280ca0187000562,0,100-500,0,1,10,9,8,NA
0c29796d0d6d5a815af2e1ae775587fc,0,More than 1000,1,1,8,9,8,male
12482ec8cc9445b1d1779f4eae976e55,0,More than 1000,1,1,6,9,9,female
128438df820ecbeb6811bf73dbb70e7f,0,More than 1000,0,1,5,9,4,male
14ce6822019b973bb74a3dd2bf65458b,1,,NA,NA,NA,9,6,male
215cd2dec1bd163a93d0db9f88c00c74,0,100-500,1,1,7,9,8,male
21af51ffb01b78b2d4fd5c9049c14e99,0,26-100,1,1,7,9,8,female
2632729126601475fa324c723267f402,0,26-100,1,1,8,9,10,male
2aea542df697c46d69d717fe6dd9829f,0,26-100,1,1,7,9,7,male
3f9fdd5cc2fd6c429c9246bdd65fb557,0,26-100,0,1,6,9,5,female
46bf2bcb169d93b89136508b7cb2001e,0,6-25,1,1,9,9,10,female
4dfb60e3931c87f7bb3fa41883be756f,0,6-25,1,1,5,9,6,female
5177c7a5797e39bbecf40fe1c226cfe8,0,6-25,0,1,8,9,6,male
63a92d530f566135069cc50afbd6f564,0,500-1000,1,1,7,9,3,male
64df855b7b19c079bae47e18cf9e96dd,0,More than 1000,0,1,7,9,5,male
6777c68000cece9f5b11a3534349202d,0,500-1000,1,1,3,9,7,female
6f5ddb75320ef7985e895ed33fb43a22,1,,NA,NA,NA,9,8,male
76e2684536f68d5f452f66f6913eca27,0,100-500,1,1,9,9,10,male
7880caf48afa8283a342b7f9ecdb10b2,0,26-100,1,1,8,9,8,male
7c8ffd0cdc80dbaaffb6bd2cbfdf0eb6,0,More than 1000,0,1,6,9,7,female
8263e6ccecfe2812417d898d20db9c1a,0,100-500,1,1,7,9,8,male
83e6a49ada8c9ef964b4a4b7e1eb1d5e,0,6-25,1,1,2,9,5,male
8aa98032f580314250d69eea583fd68e,0,26-100,1,1,8,9,8,male
8ea390eed4564f583b304d2e8203850c,0,500-1000,1,1,5,9,6,male
9049e8c14c44adcab37c9c172cbefcd0,1,,NA,NA,NA,9,7,male
9329503f82e46248b3c9c0ca4d5c0676,0,100-500,1,1,7,9,10,male
9480efd3d097e3efb00a8c0711ae90aa,1,,NA,NA,NA,9,0,male
96180717526de0e1d5465dfb31209419,0,500-1000,1,1,9,9,4,female
99319d83478777bf4bc9e56ba772d92a,0,6-25,0,1,5,9,5,male
99b0c14712f6d9beca7e0ba302dd3e98,1,,NA,NA,NA,9,4,female
9ea85e45590fc1287b8483a383d05eba,0,26-100,1,1,9,9,8,male
9f906baf8fcd11c241017904c64a9533,0,6-25,1,1,9,9,7,male
a301df510559490615ab57349bcc1fc7,0,100-500,0,1,6,9,5,female
a47bb56fbbee5646af4d842eb8955f4c,0,500-1000,0,1,10,9,5,male
b84c5bc321fb2f42d7e8ae9786468337,0,26-100,1,1,5,9,8,male
c6ebf9373c4051a5410baf2e1ea895a7,0,More than 1000,1,1,8,9,8,male
c7acaedfb42bd4f9f4249c4e9137db60,0,More than 1000,0,1,8,9,6,male
c9325fa2bb12c50bd01728e454a6b9c1,0,More than 1000,1,1,8,9,6,male
cc55f44fe8fb7025d0a753d178f25a3b,0,26-100,1,1,5,9,0,male
d65adc29aaa96448e26cb18ad92ed357,0,26-100,1,1,7,9,7,male
dbe512f6ebce981f22d9197a28f9fe30,0,100-500,1,1,7,9,8,male
e28c8659e9971379d209c56021b77ac6,0,100-500,1,1,5,9,5,female
f5a5299c4affc43c60958b11602c628e,0,More than 1000,1,1,7,9,5,female
f8624340bead7deb08abb766704ddf6b,0,6-25,1,1,8,9,5,male
03a8ee7f1d70e589bab1aa85fff99142,0,100-500,1,1,7,8,5,male
0b4d5e7701fe13467df8016667d84755,0,100-500,1,1,5,8,5,male
0e648c993c71930f0180d66ac30cee39,0,More than 1000,1,1,3,8,4,female
10d497e36f759cc1727158080e163f1a,0,100-500,1,1,5,8,9,female
173e4495467a149457af3c3dadaef4ad,0,6-25,1,1,4,8,5,female
1bc655ef65db3aaac432f0ef657e6aad,0,More than 1000,1,1,6,8,5,male
1c1620eb72327a7d0e19e470a81d24cf,0,6-25,1,1,8,8,5,male
1f3147f05bcb11bf168243414ee92729,0,100-500,1,1,7,8,5,male
200e67bd269cda25515e4f456b0d8ca3,0,100-500,1,1,6,8,8,female
22997fa72f79f4317a37590df57fa284,0,100-500,1,1,7,8,7,male
231cb45d5dba96f2052f92791ba397f7,0,100-500,1,1,6,8,8,female
25795b82388f6cd00c3a076301d805f9,0,100-500,1,1,7,8,7,female
2928c9f426e7fefba0d775e23a1c6a66,0,500-1000,1,1,6,8,5,male
2a7faa305e39c42fe0c1a48dc3dea12c,0,More than 1000,1,1,7,8,7,male
2ad2f30bef2a4d06e4598163c666b2f9,1,,NA,NA,NA,8,7,male
2b72af7fe9c3414aadba40f6e2164920,0,More than 1000,1,1,7,8,5,NA
37bd272dac162c701004ae51ad5b579d,0,26-100,1,1,2,8,5,female
4559b42bed4c0ee858e575e20e6ecf68,1,,NA,NA,NA,8,6,male
4756e0e6306088e3a66fe91ae004e7e2,0,100-500,1,1,5,8,5,male
475ff85e40ef7d548ab66dbb9a1ba6c6,0,500-1000,0,1,6,8,7,female
487ad3a75f85e9da55f552572b67c41e,0,500-1000,0,1,9,8,5,female
497622210f4014f2b15740e935169e0c,0,26-100,1,1,8,8,4,male
4b2bc7b557228576ec6ab1627a9dea32,0,More than 1000,1,1,10,8,5,male
52a2e06ca9aff6e139ec77a07522044f,0,More than 1000,1,1,5,8,6,female
53945908e1f9a63a0840aa10c11bab7a,1,,NA,NA,NA,8,5,male
540da42e39c1189e0067e5094bd3de9f,0,26-100,0,1,6,8,5,female
584f64d32c3868ccfe4a83116fb54ccd,0,More than 1000,1,1,7,8,6,female
673428d0e6f3939485473cb485f1d46c,0,More than 1000,0,0,8,8,3,female
682544cedf0dee8c0d44b2f6126b4232,1,,NA,NA,NA,8,5,female
683eeed9dca7c21d16f09a943e340385,0,500-1000,1,1,7,8,4,female
6ed4092bd144ff33aea503c61668016a,0,More than 1000,1,1,3,8,6,male
730041159a09324f19cbd007c4d217d7,0,6-25,1,1,7,8,5,male
739a4588732e14e25cc9cbdcfa00b12b,0,500-1000,0,1,8,8,8,male
7621b4241042b6914e7cd17804a61e4b,0,6-25,1,1,5,8,3,NA
769d4f9f9310f38bd01e9125fc4a2fbf,0,100-500,0,1,7,8,4,male
775d7f325e99f0e53ab63d90b8107043,1,,NA,NA,NA,8,4,female
79ead2d26c80da3d032e44c5c457b79f,0,100-500,1,1,6,8,5,male
7b8e912012f282e6020b2f6f979048ee,0,6-25,1,1,3,8,5,female
7cee2847f3269b84ce139de7274c94b0,0,100-500,0,1,6,8,7,male
7cf45fb3b9d4e59f861b9b25805ec2c1,0,100-500,1,1,7,8,5,male
7f6651fa80092e4eff433fa1f30e4774,0,More than 1000,1,1,7,8,8,male
80763f2f13d2877448e9d813c735f957,0,26-100,1,1,6,8,4,female
80fa32fdc2d68f7ee3b31548efddd5ed,0,6-25,1,0,2,8,5,male
82845ef1753fb80578a6ae515cdb9678,0,More than 1000,1,1,3,8,6,NA
864e3189d097fd33e3aba5f274269da2,0,More than 1000,1,1,2,8,3,female
867c20e23ad9c8d5d28d28c153cf02ce,0,100-500,1,1,6,8,6,female
8c807de145b9d62ae1a7375b4246041c,0,More than 1000,0,1,3,8,8,male
8d90918be530d5c0e25383cbb8e07868,0,100-500,0,1,2,8,1,male
946b8317d9a0c579d802d36d6192c7cd,0,100-500,0,1,5,8,5,male
956fcc030b13b63dc6accf70b05638b0,1,,NA,NA,NA,8,5,male
9fd34bd1bcc489a5a9e9104789dfedf9,0,6-25,1,1,3,8,5,male
a159dbf2eb078be79014c5c624cab149,0,26-100,1,1,2,8,6,male
a27c952ce0a0ef9f2eb2bb7b97d0d3e8,0,26-100,1,1,5,8,6,female
a578c6b69efb3a6e71680a91dcb2975a,0,More than 1000,1,1,3,8,7,male
b65b169498e2b9daaae17c4bb2b777df,0,More than 1000,0,1,6,8,5,male
b7bd8db00348415e1e9df49129290e31,0,100-500,0,1,8,8,9,male
ba4c785511454575bf8b23eea889db9e,0,6-25,1,1,8,8,6,male
babf5da3225a978cc9424fbc769731d5,0,100-500,1,1,9,8,6,male
bc516217ce889b4ff0d4790038e5040a,0,More than 1000,0,1,1,8,0,male
bf6b7ab73a3035a1f4fa89a38bcd7ad1,0,6-25,1,1,10,8,7,female
c27be4d2a1eb40757e5be080a68b4ca9,0,100-500,0,1,6,8,6,male
c2e445004669ec9a9c8cb55a25acd8f3,0,100-500,1,1,7,8,8,male
c69d251378d09c58c7e80e916f67c082,0,6-25,1,1,6,8,6,male
c7001583699c208ccf02219865770f4d,0,26-100,1,1,10,8,8,male
cd1ab05e325878b4a57d6b7da00656d3,0,More than 1000,1,1,9,8,7,male
cd28244215ee025cb221bad8282bf9b6,0,500-1000,1,1,8,8,4,female
cdff84cb044cdbb0e5b195cf716055f8,0,More than 1000,1,1,10,8,2,male
d046e90e18196c65f7eda060192c921e,0,1-5,1,1,8,8,7,female
d1a90c6a431a1484aadc568270c45285,1,,NA,NA,NA,8,5,male
d38f2598e4949d00a17372a63d668809,0,More than 1000,0,1,8,8,2,female
d4421886cb2c6a9fb11a33dd4905d493,0,100-500,0,1,5,8,5,male
d788e2d03ffe13d80a3fca4607e02a36,0,26-100,0,1,6,8,4,male
e0a32afbc5173b47b54e073bfcb43056,0,More than 1000,0,1,7,8,4,female
e39537a7c3bf2f733f963f502c663953,1,,NA,NA,NA,8,6,female
e94a87bec9a25b6b35c9b26e0852a57f,0,500-1000,0,1,8,8,8,male
f196b61612a05e0383eb6ed904b9b108,0,More than 1000,1,1,6,8,7,male
f62a13bfcf6e94355408a62a571323d4,0,More than 1000,1,1,5,8,7,female
f7f4d68793489a7785e8d18e720c668b,0,100-500,1,1,5,8,4,male
fad7882fa8394be7fd617b4681449a61,1,,NA,NA,NA,8,5,male
03064629cf35af335b8fb6838606dcec,0,More than 1000,1,1,3,7,3,male
07420aef6fc276f3d3217c4757f6cd81,0,More than 1000,1,1,8,7,5,male
097a40923eaa28a5d0e7eabf9485bc47,0,6-25,1,1,7,7,7,male
0c2d3e043da3b53fc1b0d4527d5c05df,0,More than 1000,0,1,5,7,3,female
13f6adccd2ea40831f4994089ea4d54e,0,100-500,1,1,0,7,3,male
1a5c48d7e6ab845ee5e6912d3a4ea7a7,0,More than 1000,1,1,5,7,7,male
1c06f1a9e1f9f1be2a6380d0bb482cc2,0,100-500,1,1,5,7,7,male
2228369d3bfefcef035a5b746fb7a253,0,26-100,1,1,10,7,10,female
288ee041657df87b1585cead3e89268c,0,500-1000,0,1,6,7,4,male
297d01c6bd771a71401b479d07018767,0,26-100,1,1,7,7,0,male
31d3ae93b68d79e504a0a643601b6b1e,0,26-100,1,1,7,7,5,male
33e2cc490c3773bd900700f61ffeb036,0,100-500,1,1,6,7,6,male
37370cff0179e35e015e97f4d54d6e0e,0,500-1000,0,1,9,7,7,male
3851c43ad1412adfceb509a8039dea11,0,26-100,1,1,9,7,7,male
39421726306e089f8a84c6a0ee6fc330,0,More than 1000,1,1,5,7,8,male
4b1c54d46c6279c1a514f578cb0d0062,0,More than 1000,1,1,8,7,2,female
508eec25da78a8521e34be46281800c5,1,,NA,NA,NA,7,3,male
5157b99823b1ee6aefe50c05317fd0ea,0,100-500,1,1,8,7,6,female
552dd1cea6f05b5625ed9ca65ab69c53,1,,NA,NA,NA,7,7,male
56b88fb36bcc945ce2729395ef878637,1,,NA,NA,NA,7,5,male
596918bfe06d0bd4f97371264709f197,0,26-100,1,1,7,7,8,male
679b8798134b2bad2a415453b53cdba0,0,6-25,1,1,7,7,8,male
68a3f7f64eb5a29cd0dfe65c3e6eae76,0,More than 1000,0,1,7,7,5,female
6930cf6daa9887c5ca01ba73ecdae266,0,26-100,0,1,6,7,0,male
6da079d16ce14ccc8c5ff9cc0739f41d,1,,NA,NA,NA,7,3,male
6eb617b7f49da0c1e48b44ec7e548597,0,6-25,1,1,5,7,4,male
71a558c67d5551d69c42922594e9d154,0,6-25,1,1,4,7,6,male
77b6340c8ac546f1431b63e204c23f8e,1,,NA,NA,NA,7,4,male
788ea7dcbb5fb792ab5b6810c0bf9bb4,0,6-25,1,1,0,7,3,male
7aa53783d0e69af8b1c314e4774d38ab,0,100-500,1,1,7,7,6,male
80e09843b7b0eff70b1e3bda2763bf0b,0,100-500,1,1,4,7,6,female
835a61493104481a5974154e456971e9,0,6-25,1,1,7,7,7,male
83795e3fc6dab0cefd483682aef6123a,0,500-1000,0,1,4,7,6,male
849fc45553bc6229f2e196372c6417fb,0,26-100,1,1,6,7,8,male
8681cc9a11dd54bce1a1d8936a44f9e2,0,6-25,0,1,5,7,6,male
9cfb50daa4d1aa7ea78e9966166e32cf,0,26-100,0,1,6,7,6,male
a07228c1ef4a3631aa53dc51e9fc8fd8,0,26-100,0,1,6,7,5,male
a64a1b0bb295d8ad5f4cd142833781fb,0,100-500,1,1,8,7,5,NA
aa1aa92dbb269d768dbc6c2003407b31,0,6-25,1,1,5,7,8,male
b1f96b27aadccd1c659426c4f867e1b6,0,100-500,1,1,7,7,5,female
bb1ac610ddf73fcf88b79bab4b934f29,0,More than 1000,0,1,6,7,5,male
bd928e0236b9c5f781c4ad76f201a5aa,0,More than 1000,1,1,9,7,9,female
bd9b03f0300908726fc08a0391308253,0,More than 1000,0,1,3,7,2,female
c0e4cb6cb43f2c7dd7f75437f9b643bf,0,100-500,1,1,7,7,9,male
c368da94f5b67ac7d6bb215ecf955fea,0,500-1000,0,1,4,7,6,male
c7d1cc084c848ca3a62a409f1e0afab8,0,More than 1000,0,1,7,7,5,female
d0a97741b04f1887f43c23839200a195,0,6-25,1,1,0,7,5,male
da971201a7713c9d881c5daf1e2dc0ab,0,26-100,1,1,6,7,5,male
dc195228dffd604d5c2e861ae877c32d,0,100-500,1,1,7,7,7,female
de15dfa6b97b79e3e2310bc32471667a,0,100-500,1,1,7,7,9,female
eb67cf72737df8863b47eab9b64ab3b8,0,More than 1000,1,1,7,7,4,female
f15547da155aa11146cb7b024d7b73f5,0,More than 1000,1,1,8,7,3,male
fbfa1726d100069d9bde00773a99aee0,0,500-1000,1,1,10,7,0,female
fd7f639309ef78fd098b323ab1c87c23,0,6-25,1,1,6,7,6,female
025fa2a0b8ef2bdacd5a9535d38c3c72,0,6-25,1,1,5,6,9,male
03c755fcacfc810158e436bd97369c6c,0,100-500,1,1,6,6,5,male
052ad12ddeee1f72ed30c149ad8dd5d9,0,26-100,1,1,7,6,4,male
078dd64c25c25bce63c4a5977c2351ef,0,26-100,1,0,8,6,4,female
0898a6bb84d8cf361300ed2d01d3f779,0,6-25,1,1,8,6,3,male
1e8d7b35c9fce83bd5ee7c3f54c1b946,0,500-1000,1,0,7,6,5,female
21408cca9c1e352f3241ff928f9cac8a,0,More than 1000,1,1,5,6,4,female
22ab189d718e79d87994f8fff9576744,0,More than 1000,1,1,10,6,5,male
2b28b50271d8fb1c07c28cc41a29cf87,1,,NA,NA,NA,6,4,male
2f58d8b8e1c20ffa2fe98f9d6e229713,1,,NA,NA,NA,6,5,male
30cafd839959b31914010b21d26f5605,0,6-25,0,1,5,6,5,male
33c0ecfd0e83b961563c0cbdff9bfb67,0,6-25,1,1,8,6,7,male
3577b6e733dc095904b966eaaf10d078,0,100-500,1,1,6,6,4,female
41593574813d867ea92224871b5a165f,0,100-500,1,1,8,6,5,male
47dc1362d7ce4955b884025d397ca1bb,1,,NA,NA,NA,6,9,female
5663ece9e2824213c935e6282cc626c8,0,6-25,1,1,4,6,6,male
5e76498a58a67139927e9e8427f05511,0,100-500,1,1,6,6,6,female
6526cca6340c00a20db88f850cfe6e41,0,500-1000,1,1,8,6,5,female
65f45b604818e10082930efbc722f2a1,0,26-100,1,1,5,6,5,male
755e1b91e184e3a86d9938d1b1ebfaad,0,26-100,1,1,8,6,4,male
7827bf1459848270d7c184d2628a3c43,0,500-1000,0,1,9,6,4,female
8a402d09224f9386bacca07002df9793,0,More than 1000,1,1,8,6,5,female
8ac3c338f34a34fbb2012e3f0d2371cb,0,6-25,1,1,3,6,3,male
8bee213656a467f8e2f482f8a5f3aa9e,0,26-100,1,1,8,6,5,male
933220c6c1c48e53c7c5500fc713c6fd,1,,NA,NA,NA,6,5,male
aca7457d877fd2e5a71c55673038f65a,0,26-100,1,1,5,6,4,male
b4a1593f9f44a662c7feb76f6978e838,1,,NA,NA,NA,6,8,male
b76dfe375473ce10cd89489ac9866b77,0,More than 1000,0,1,7,6,7,female
b9f417f876ed61d8bc5d24206565e9b3,0,100-500,1,1,7,6,6,female
bb594ad4c3dc73a923bc199418a39c7f,0,26-100,1,1,6,6,4,male
c5a92cdad22662bd4b4ee022d81776a6,1,,NA,NA,NA,6,4,male
db11ff1cd3c2d2c2cf8fe3e2400dc351,0,More than 1000,1,1,4,6,5,NA
e2f777f5a533b59f163d41f6ef4752ac,0,6-25,1,1,6,6,6,NA
e6b2b72db27a5640d3991693f8dc7ec7,1,,NA,NA,NA,6,3,male
e8c13fcc79d9bbeeb426a45d05c07e3d,0,100-500,1,1,5,6,7,male
f0d076a7c769db9d301f30562ee7c9b5,0,100-500,1,1,4,6,4,male
f5c179c4d82a24768afc79959da5e164,0,1-5,1,1,2,6,3,male
071b48c6841bb195e48239a0c97af76a,0,26-100,1,1,5,5,5,male
0ee5938e2b1a3dd53f020687886d2a40,0,26-100,1,0,7,5,6,female
12a349bad8312f4dfd7c62c4e6e49afe,0,100-500,1,1,5,5,10,female
12dca236d5cfd4f21eab6e580fbdce19,0,26-100,1,1,5,5,3,male
191f6f95e8bad391a0b24a292595328e,0,500-1000,1,1,7,5,4,female
224bf619a480066b3317dd0ab6389cb3,0,More than 1000,1,1,6,5,8,female
29a5f86946548b3d084988c34b655623,1,,NA,NA,NA,5,5,male
2ba00cb01c39df83e77245919d9028a0,1,,NA,NA,NA,5,5,male
4422ae807a82625cfe367a9315924251,1,,NA,NA,NA,5,2,female
4c5f851d90a399259c9f8e5133e27f22,0,100-500,1,1,8,5,8,female
56c661ba707a0c6cdb0d3028dba8e329,0,26-100,1,1,5,5,7,male
5dfe44e5a61c10e69a46acee96520984,0,More than 1000,1,1,8,5,3,male
6150f820bcd40d1a720539c5b99461e0,0,500-1000,1,1,7,5,5,male
721e9827ae049297291152bdadf112c3,0,100-500,1,1,10,5,7,female
74815c98f7b64396dbc82fe06cc1fb31,0,More than 1000,0,1,3,5,1,male
750c41a7117be04dfd93b3617366bf7c,0,100-500,1,1,5,5,10,male
76f3bafc4022ff4932f2b5933098c1d9,0,More than 1000,1,1,5,5,5,male
7c2d76ccd7f61ccdd87711c5a386f7af,0,500-1000,1,1,7,5,7,female
8217211238c53a3db93731a3a6bf1356,0,More than 1000,0,1,2,5,0,female
876e31603187b566d0eda86e359d3421,0,500-1000,0,1,5,5,4,female
885ba4de38457c7fe50e86ae7c5a14bb,0,More than 1000,0,1,5,5,5,male
95a1abe082b153c37d94802ff9ab7a84,0,More than 1000,0,1,5,5,4,male
9e6f9d255eada48b1182619e90f3074c,0,6-25,1,1,5,5,3,NA
a7624a1f68692ff66518a454120b7b3b,0,26-100,1,1,7,5,7,male
aeb1d5359ab5d281b09a20611a1d99c1,0,100-500,1,1,0,5,5,male
aec5522f72645cd52191f4e6a0619724,0,100-500,1,0,6,5,8,female
b15b787b7a29b1539a3111391b12a336,0,6-25,1,1,8,5,5,female
b197ca64482e9a2d20a44330f48105c4,0,More than 1000,1,1,7,5,7,female
b758392862efec9c11d81f0a30a4fa31,1,,NA,NA,NA,5,5,female
bd67ab09a6bfceb2b1eb9553b093251c,0,26-100,0,1,8,5,7,female
bec63668808a5652f44c1e5ba0217121,0,More than 1000,1,1,5,5,6,male
c13a05924f8e7c18335ada0668b9d1be,0,6-25,1,1,5,5,5,male
c7361d89328419b71ccd5f7cae16c818,0,6-25,1,1,2,5,6,male
c837cf346c91f9d0b70e5b801406c23c,0,More than 1000,0,1,5,5,5,male
cfa0353b0ee48495501b47fbdaaf2241,1,,NA,NA,NA,5,4,male
d0a06b5ffa48435d05b8d47cc4567055,1,,NA,NA,NA,5,4,female
d16cf31822927efd1f172f55028cc89a,0,6-25,0,1,3,5,5,male
d5c243c021a66993914ecbcedc90b15f,0,More than 1000,1,1,7,5,5,female
e1d1d2807091b71d596d6541bd73c739,0,More than 1000,0,0,8,5,5,female
e3008a65da56d5bf960fa4b107e115fd,0,26-100,1,1,8,5,5,male
eacbe740515ab75f5d973a6b61918cfb,0,6-25,1,1,7,5,4,male
edb384096311646e257b9121df8274d4,0,26-100,0,0,5,5,3,male
ef6e11c557513c96264e39bffc6b2122,0,26-100,1,1,10,5,3,male
f531b4670c7e9fcc997e5df21214cb66,0,26-100,1,1,0,5,5,male
fb3191e57e915544bcf47be51c2f3f0b,0,26-100,1,1,5,5,4,male
ff399100653523a106a3afc677ef2492,1,,NA,NA,NA,5,5,male
0220473bfd0f99b71630a2651836991f,0,More than 1000,0,1,2,4,7,male
04dc874dc0b374fe6fce3cf46225240b,0,More than 1000,1,1,6,4,5,male
0f0192f6672eec4f8d584ca636fe8dd1,0,26-100,1,1,3,4,7,male
1a0150530346350dbefc8ccbfa9672b4,0,6-25,1,1,6,4,8,female
2137d060e3618a7fa459213e68fcbc58,0,26-100,1,1,4,4,5,male
4509b8d497acaa4e4ca68b395caa6624,0,6-25,1,1,4,4,8,male
602246d10ba9e88cebf816cea17b3a77,0,1-5,1,1,6,4,4,male
7ebd1c6653577718c07e1b88b31a8e84,0,100-500,0,1,6,4,5,male
8e0b1d6a0b1e1d4c6f9483efc9a4681d,0,100-500,1,1,5,4,0,male
8e86c2988e22a3ca0e70b8288713d2f1,0,More than 1000,1,1,4,4,3,male
980a7acf9463187be6008185098d3007,0,6-25,1,1,7,4,5,male
a8da608be50e57fc4ac6516f4231ab19,1,,NA,NA,NA,4,5,male
a9879f80d96ebf012c603bf3dcb5fa97,0,100-500,0,1,2,4,6,female
ae656c69bea37c55e2a6e956fc40eba6,1,,NA,NA,NA,4,5,NA
b52ed238539bbce673ac7f6eb5b7254d,1,,NA,NA,NA,4,1,female
b6d1b289261253b53b43fa18d32177e2,1,,NA,NA,NA,4,1,NA
d3d7367cee35be8b20ea58c6090f0b0f,1,,NA,NA,NA,4,6,female
e8f8e0d2006003d072cf67eaac80fce3,0,6-25,1,1,1,4,3,male
f109ee6a66109748042a35cf84b20f8b,0,6-25,1,1,5,4,2,male
fc49ae611d22b9bb9d27c18228a926e0,1,,NA,NA,NA,4,6,female
0025ac487d01325db6c18c88451b2fa0,0,More than 1000,1,1,7,3,4,male
0d698e3beca20fb75f19b9d528e36d73,0,More than 1000,1,1,8,3,3,male
15b5f7c40bdbc4b50f8cd1af8def5c6f,0,6-25,0,1,10,3,7,male
2507883a7154f4e74e9a6409f5949008,0,6-25,0,1,6,3,3,female
306da14c6aa36014decab00ee44f8d8c,0,100-500,1,0,3,3,6,female
3ee23d0fd58e54c321aa6df355ab832f,0,26-100,1,1,4,3,5,male
549e783dae9697696354d887b0e4ef78,1,,NA,NA,NA,3,3,male
77f8585a47d150d4ba95bf954bef44cd,0,More than 1000,1,1,5,3,7,male
7900e2f7f7e9dd4e6929cb4970b5256b,1,,NA,NA,NA,3,5,male
7dbf08cfac3555da3d13c65c847db961,1,,NA,NA,NA,3,0,male
7dd0a8c75a40d0f37e57080550eb54d6,0,More than 1000,0,1,9,3,5,male
87e951aa965903b5d491606d8ce589c8,0,More than 1000,0,1,2,3,6,female
a7c2195fc046b6c7cbbd766e373e204c,0,6-25,1,1,6,3,5,male
b942d126d28dcb15a086c4961cf2ace6,0,More than 1000,0,1,5,3,7,male
bf8186c4ab5c092c3e268091479cd022,0,26-100,1,1,0,3,4,male
d0b547836c50ee330b1995a9ac4708bc,1,,NA,NA,NA,3,3,male
e44a0a34f2465940beda2a1537e9b99e,0,More than 1000,1,0,8,3,5,female
fc0f9e607a779be68e43c4d85d2d6efa,0,More than 1000,1,1,1,3,5,female
0558f3512bf10a0302b5b305dc08c471,0,More than 1000,1,1,0,2,0,male
1827577b04d9d7bbb9e86c1ea03434e9,0,6-25,1,1,5,2,3,male
33dc6ac5a89848c28a9dc3159053edcb,0,26-100,1,1,9,2,8,female
47b9b894cce843f52265c850e3aa6748,0,100-500,1,1,7,2,6,female
5e319439440a08c217f3940320e2169c,0,More than 1000,1,1,7,2,3,female
61a40c9071eb36fa9caa254d31500c41,0,6-25,0,1,3,2,9,male
6dcfc37e53057a5273f972cb0d706449,0,More than 1000,0,1,7,2,4,male
6fda9aabbe63d26aef47838fbf7a4992,0,100-500,0,1,4,2,4,male
74dc85064aa1440e07f5220d090e0d9e,0,More than 1000,0,1,7,2,6,male
804a1462d2ff2f78760b712d1d77cbf6,0,500-1000,0,1,1,2,2,male
9c6620a9f950bab060a2fe9d628265b2,0,More than 1000,0,1,8,2,2,male
aae430d1f09e467fcb3d09dce56cb05e,0,6-25,1,1,5,2,4,female
ad4231e6c871dd896b9ae7c3837b7366,0,More than 1000,1,1,9,2,1,male
cae95d3fb9bda2096ed0719b7731e678,1,,NA,NA,NA,2,5,male
d450e10f423a6df03ae98b37bc38b60c,0,6-25,1,1,6,2,2,male
e83b036ccc5ccb785483161865239125,0,26-100,1,1,6,2,5,male
ebf2903ac77f9f7a0ae55f18df2c7804,0,More than 1000,1,1,10,2,0,male
f242b41023fe50bf18c5f6f901b4c8bf,0,6-25,1,1,7,2,3,female
f2d064b671e534dfba6bfadc37146234,0,6-25,1,1,3,2,2,female
10bff84cfb0ccd01fbafbf29e862c304,0,More than 1000,1,1,5,1,2,female
3e20f18e7f23b3c7b02acf73219e1627,0,More than 1000,0,1,2,1,0,male
49a0af2c641a34d5ff56cb640db660cf,0,100-500,0,1,3,1,3,male
79bb9917440f273018fbe7d62264bea3,0,More than 1000,0,1,7,1,2,male
828205607729cf4cfa430d12f6b3208e,1,,NA,NA,NA,1,1,male
9bd02e3961dd2c26d95243e1178e8790,0,500-1000,0,1,5,1,3,male
c52088f3b06a54df98655c3dc02f5fef,0,500-1000,0,1,5,1,2,male
d49ff4f83c3cf548c9f24c86ea7f1053,1,,NA,NA,NA,1,2,female
e17658ae343db22eeef034d076cf2a8b,1,,NA,NA,NA,1,1,male
0a66c16786c52547876e5bed497cd247,0,26-100,0,1,9,0,6,female
6e6a5ac19349abf1d4b8e086799abcf9,0,100-500,1,1,10,0,0,male
7045c9671c59988665860403baa14192,0,6-25,0,1,4,0,7,male
8823686151ce1a071fa6f49ef6399f6f,0,6-25,1,1,5,0,3,male
9a8118cb66cc2d79b4b8a5acfb1fe3f8,0,6-25,1,1,2,0,6,male
b04f10afb8ad043c76b21f2faf777c6e,0,26-100,0,1,5,0,0,male
b7a8c3373e6025b028df46318d582d4d,0,More than 1000,0,1,6,0,2,male
cc04a38f9ce557e31dda1382aa357be7,0,6-25,0,1,0,0,1,male
ce82f60aa6809b4ac131994477432d90,0,6-25,1,1,0,0,5,male
d3b1ad30f9a9063ec83aad314ab29323,0,More than 1000,1,1,10,0,1,male
dcf2af9fcabd6556042ae916b419e190,0,1-5,1,0,0,0,8,male